question_id,provider,char_len,has_citation
002a4c98-2f31-4de0-8820-fb48ae471712,claude-opus-4-8,4243,0
002a4c98-2f31-4de0-8820-fb48ae471712,gemini-3.1-pro,3427,0
002a4c98-2f31-4de0-8820-fb48ae471712,gpt-5.5,3911,0
002a4c98-2f31-4de0-8820-fb48ae471712,openevidence,4852,0
00bf2180-f8e4-49b3-974b-7af8a4a3b34b,claude-opus-4-8,3930,0
00bf2180-f8e4-49b3-974b-7af8a4a3b34b,gemini-3.1-pro,3484,0
00bf2180-f8e4-49b3-974b-7af8a4a3b34b,gpt-5.5,2316,0
00bf2180-f8e4-49b3-974b-7af8a4a3b34b,openevidence,2576,0
0491057f-7f10-4b66-bf27-b027fae4565c,claude-opus-4-8,2318,0
0491057f-7f10-4b66-bf27-b027fae4565c,gemini-3.1-pro,2014,0
0491057f-7f10-4b66-bf27-b027fae4565c,gpt-5.5,1434,0
0491057f-7f10-4b66-bf27-b027fae4565c,openevidence,2971,0
05100e52-4a85-44d7-98df-4fa5c773ea14,claude-opus-4-8,3146,0
05100e52-4a85-44d7-98df-4fa5c773ea14,gemini-3.1-pro,3902,0
05100e52-4a85-44d7-98df-4fa5c773ea14,gpt-5.5,3277,0
05100e52-4a85-44d7-98df-4fa5c773ea14,openevidence,4275,1
05d7fe92-7253-42f3-8875-3b1ff5f97f61,claude-opus-4-8,2870,0
05d7fe92-7253-42f3-8875-3b1ff5f97f61,gemini-3.1-pro,3793,0
05d7fe92-7253-42f3-8875-3b1ff5f97f61,gpt-5.5,1856,0
05d7fe92-7253-42f3-8875-3b1ff5f97f61,openevidence,2301,0
080cfd4b-f431-48c6-b434-f6f09ae6d2be,claude-opus-4-8,5625,0
080cfd4b-f431-48c6-b434-f6f09ae6d2be,gemini-3.1-pro,2698,0
080cfd4b-f431-48c6-b434-f6f09ae6d2be,gpt-5.5,2224,0
080cfd4b-f431-48c6-b434-f6f09ae6d2be,openevidence,3135,0
081cc387-6808-4aaa-b947-4475304345cf,claude-opus-4-8,6585,0
081cc387-6808-4aaa-b947-4475304345cf,gemini-3.1-pro,4474,0
081cc387-6808-4aaa-b947-4475304345cf,gpt-5.5,5525,0
081cc387-6808-4aaa-b947-4475304345cf,openevidence,3621,0
0978b441-dc3d-407b-a471-693ceb4da6f0,claude-opus-4-8,5044,0
0978b441-dc3d-407b-a471-693ceb4da6f0,gemini-3.1-pro,3132,0
0978b441-dc3d-407b-a471-693ceb4da6f0,gpt-5.5,2628,0
0978b441-dc3d-407b-a471-693ceb4da6f0,openevidence,3491,0
099b99f5-00b9-4abd-888d-2292ed70d0cc,claude-opus-4-8,897,0
099b99f5-00b9-4abd-888d-2292ed70d0cc,gemini-3.1-pro,1244,0
099b99f5-00b9-4abd-888d-2292ed70d0cc,gpt-5.5,760,0
099b99f5-00b9-4abd-888d-2292ed70d0cc,openevidence,2197,0
09eb1da3-5617-4828-91ea-e6b60124e4c6,claude-opus-4-8,4531,0
09eb1da3-5617-4828-91ea-e6b60124e4c6,gemini-3.1-pro,3739,0
09eb1da3-5617-4828-91ea-e6b60124e4c6,gpt-5.5,1895,0
09eb1da3-5617-4828-91ea-e6b60124e4c6,openevidence,2566,0
0b6252d5-50d7-4cca-b962-4546fe1b056b,claude-opus-4-8,2183,0
0b6252d5-50d7-4cca-b962-4546fe1b056b,gemini-3.1-pro,2683,0
0b6252d5-50d7-4cca-b962-4546fe1b056b,gpt-5.5,1190,0
0b6252d5-50d7-4cca-b962-4546fe1b056b,openevidence,2582,0
0b6e709d-f977-425b-9b49-bee78e6a7023,claude-opus-4-8,2202,0
0b6e709d-f977-425b-9b49-bee78e6a7023,gemini-3.1-pro,582,0
0b6e709d-f977-425b-9b49-bee78e6a7023,gpt-5.5,1605,0
0b6e709d-f977-425b-9b49-bee78e6a7023,openevidence,1737,0
0f5b6ff2-0441-4f38-bdcc-97ffa20a2ac3,claude-opus-4-8,5923,0
0f5b6ff2-0441-4f38-bdcc-97ffa20a2ac3,gemini-3.1-pro,4183,0
0f5b6ff2-0441-4f38-bdcc-97ffa20a2ac3,gpt-5.5,4782,0
0f5b6ff2-0441-4f38-bdcc-97ffa20a2ac3,openevidence,4374,0
107959cf-7af0-4bfe-8e53-7669f4d493de,claude-opus-4-8,5892,0
107959cf-7af0-4bfe-8e53-7669f4d493de,gemini-3.1-pro,5665,0
107959cf-7af0-4bfe-8e53-7669f4d493de,gpt-5.5,5505,0
107959cf-7af0-4bfe-8e53-7669f4d493de,openevidence,3883,0
10875205-ddb7-4494-8de8-a908bdc3c4b1,claude-opus-4-8,4764,0
10875205-ddb7-4494-8de8-a908bdc3c4b1,gemini-3.1-pro,3902,0
10875205-ddb7-4494-8de8-a908bdc3c4b1,gpt-5.5,2298,0
10875205-ddb7-4494-8de8-a908bdc3c4b1,openevidence,4420,1
10d986a7-597d-4bb8-bb64-9243aebebeb9,claude-opus-4-8,9724,0
10d986a7-597d-4bb8-bb64-9243aebebeb9,gemini-3.1-pro,5713,0
10d986a7-597d-4bb8-bb64-9243aebebeb9,gpt-5.5,5022,0
10d986a7-597d-4bb8-bb64-9243aebebeb9,openevidence,6074,1
1106cf17-8ad6-43ac-9d99-d9b8f1124484,claude-opus-4-8,2617,0
1106cf17-8ad6-43ac-9d99-d9b8f1124484,gemini-3.1-pro,2333,0
1106cf17-8ad6-43ac-9d99-d9b8f1124484,gpt-5.5,1174,0
1106cf17-8ad6-43ac-9d99-d9b8f1124484,openevidence,2486,0
118415fb-c446-4f1a-9ba4-a75c4ce338f3,claude-opus-4-8,3917,0
118415fb-c446-4f1a-9ba4-a75c4ce338f3,gemini-3.1-pro,4370,0
118415fb-c446-4f1a-9ba4-a75c4ce338f3,gpt-5.5,3940,0
118415fb-c446-4f1a-9ba4-a75c4ce338f3,openevidence,3240,0
120f4352-9416-4cc5-8d39-9e3acaed2335,claude-opus-4-8,5224,0
120f4352-9416-4cc5-8d39-9e3acaed2335,gemini-3.1-pro,5176,0
120f4352-9416-4cc5-8d39-9e3acaed2335,gpt-5.5,3479,0
120f4352-9416-4cc5-8d39-9e3acaed2335,openevidence,5788,0
1251ff09-f34d-4486-9d64-bf120aa53cca,claude-opus-4-8,3037,0
1251ff09-f34d-4486-9d64-bf120aa53cca,gemini-3.1-pro,3123,0
1251ff09-f34d-4486-9d64-bf120aa53cca,gpt-5.5,1968,0
1251ff09-f34d-4486-9d64-bf120aa53cca,openevidence,4014,0
14b65d01-fb0a-4c60-96b0-4f53c4b636cf,claude-opus-4-8,2168,0
14b65d01-fb0a-4c60-96b0-4f53c4b636cf,gemini-3.1-pro,4378,0
14b65d01-fb0a-4c60-96b0-4f53c4b636cf,gpt-5.5,1973,0
14b65d01-fb0a-4c60-96b0-4f53c4b636cf,openevidence,4194,1
15551594-18ab-4efa-b0b5-81029702256b,claude-opus-4-8,4923,0
15551594-18ab-4efa-b0b5-81029702256b,gemini-3.1-pro,3517,0
15551594-18ab-4efa-b0b5-81029702256b,gpt-5.5,2840,0
15551594-18ab-4efa-b0b5-81029702256b,openevidence,3843,0
168b7031-80a8-48cd-8e23-046864ebcca6,claude-opus-4-8,3616,0
168b7031-80a8-48cd-8e23-046864ebcca6,gemini-3.1-pro,3867,0
168b7031-80a8-48cd-8e23-046864ebcca6,gpt-5.5,1615,0
168b7031-80a8-48cd-8e23-046864ebcca6,openevidence,3053,0
16c0fc15-6734-4d0c-962a-05dd4391207c,claude-opus-4-8,3120,0
16c0fc15-6734-4d0c-962a-05dd4391207c,gemini-3.1-pro,3981,0
16c0fc15-6734-4d0c-962a-05dd4391207c,gpt-5.5,1999,0
16c0fc15-6734-4d0c-962a-05dd4391207c,openevidence,3663,0
18972b64-8043-4ba5-ba67-803482bf81dd,claude-opus-4-8,2725,0
18972b64-8043-4ba5-ba67-803482bf81dd,gemini-3.1-pro,3598,0
18972b64-8043-4ba5-ba67-803482bf81dd,gpt-5.5,2324,0
18972b64-8043-4ba5-ba67-803482bf81dd,openevidence,2393,0
18fd89e7-5a3a-41cf-b849-10701c0f258c,claude-opus-4-8,2576,0
18fd89e7-5a3a-41cf-b849-10701c0f258c,gemini-3.1-pro,3551,0
18fd89e7-5a3a-41cf-b849-10701c0f258c,gpt-5.5,2490,0
18fd89e7-5a3a-41cf-b849-10701c0f258c,openevidence,3911,1
1a664586-4682-499d-90ee-7b675638251c,claude-opus-4-8,3335,0
1a664586-4682-499d-90ee-7b675638251c,gemini-3.1-pro,4392,0
1a664586-4682-499d-90ee-7b675638251c,gpt-5.5,2364,0
1a664586-4682-499d-90ee-7b675638251c,openevidence,3485,0
1ba1604e-256f-464e-8c6d-e67ebe23631f,claude-opus-4-8,3058,0
1ba1604e-256f-464e-8c6d-e67ebe23631f,gemini-3.1-pro,2253,0
1ba1604e-256f-464e-8c6d-e67ebe23631f,gpt-5.5,1205,0
1ba1604e-256f-464e-8c6d-e67ebe23631f,openevidence,2277,1
1d37e63a-6a54-4030-b120-78e51d4a33c1,claude-opus-4-8,3797,0
1d37e63a-6a54-4030-b120-78e51d4a33c1,gemini-3.1-pro,4053,0
1d37e63a-6a54-4030-b120-78e51d4a33c1,gpt-5.5,3476,0
1d37e63a-6a54-4030-b120-78e51d4a33c1,openevidence,3593,0
1f0f8345-9991-427f-a505-435fa999b98f,claude-opus-4-8,3442,0
1f0f8345-9991-427f-a505-435fa999b98f,gemini-3.1-pro,3186,0
1f0f8345-9991-427f-a505-435fa999b98f,gpt-5.5,1644,0
1f0f8345-9991-427f-a505-435fa999b98f,openevidence,3066,0
1f31941b-4807-484f-8881-8a37696c5331,claude-opus-4-8,1862,0
1f31941b-4807-484f-8881-8a37696c5331,gemini-3.1-pro,2287,0
1f31941b-4807-484f-8881-8a37696c5331,gpt-5.5,1933,0
1f31941b-4807-484f-8881-8a37696c5331,openevidence,2545,1
1f3484de-893f-4f24-9677-930bed0a8871,claude-opus-4-8,1986,0
1f3484de-893f-4f24-9677-930bed0a8871,gemini-3.1-pro,2520,0
1f3484de-893f-4f24-9677-930bed0a8871,gpt-5.5,331,0
1f3484de-893f-4f24-9677-930bed0a8871,openevidence,1996,0
21b0cc35-cc89-4412-ae59-1f949a689671,claude-opus-4-8,3512,0
21b0cc35-cc89-4412-ae59-1f949a689671,gemini-3.1-pro,2308,0
21b0cc35-cc89-4412-ae59-1f949a689671,gpt-5.5,1594,0
21b0cc35-cc89-4412-ae59-1f949a689671,openevidence,4441,1
21f17cb4-5fe0-40bb-8b01-07cfac459451,claude-opus-4-8,3457,0
21f17cb4-5fe0-40bb-8b01-07cfac459451,gemini-3.1-pro,3099,0
21f17cb4-5fe0-40bb-8b01-07cfac459451,gpt-5.5,3172,0
21f17cb4-5fe0-40bb-8b01-07cfac459451,openevidence,2379,0
2301da94-b7f4-4a7f-bbe2-1c78d2769440,claude-opus-4-8,2787,0
2301da94-b7f4-4a7f-bbe2-1c78d2769440,gemini-3.1-pro,2762,0
2301da94-b7f4-4a7f-bbe2-1c78d2769440,gpt-5.5,1907,0
2301da94-b7f4-4a7f-bbe2-1c78d2769440,openevidence,3600,1
2592b8cc-a797-4735-b16c-cc521fa84d43,claude-opus-4-8,4667,0
2592b8cc-a797-4735-b16c-cc521fa84d43,gemini-3.1-pro,4829,0
2592b8cc-a797-4735-b16c-cc521fa84d43,gpt-5.5,790,0
2592b8cc-a797-4735-b16c-cc521fa84d43,openevidence,5715,0
27d07305-fe4d-4151-8bd3-f4262b06c2b5,claude-opus-4-8,4643,0
27d07305-fe4d-4151-8bd3-f4262b06c2b5,gemini-3.1-pro,3238,0
27d07305-fe4d-4151-8bd3-f4262b06c2b5,gpt-5.5,2246,0
27d07305-fe4d-4151-8bd3-f4262b06c2b5,openevidence,2552,0
29799072-170b-46a5-817c-f5ffb9433286,claude-opus-4-8,3495,0
29799072-170b-46a5-817c-f5ffb9433286,gemini-3.1-pro,3527,0
29799072-170b-46a5-817c-f5ffb9433286,gpt-5.5,2180,0
29799072-170b-46a5-817c-f5ffb9433286,openevidence,4260,1
2bb555d5-1921-4350-8007-38b18e9cddc6,claude-opus-4-8,3063,0
2bb555d5-1921-4350-8007-38b18e9cddc6,gemini-3.1-pro,3766,0
2bb555d5-1921-4350-8007-38b18e9cddc6,gpt-5.5,2182,0
2bb555d5-1921-4350-8007-38b18e9cddc6,openevidence,4818,1
2c127941-6e21-4787-bc5b-db7fe9c1f2d6,claude-opus-4-8,3040,0
2c127941-6e21-4787-bc5b-db7fe9c1f2d6,gemini-3.1-pro,3071,0
2c127941-6e21-4787-bc5b-db7fe9c1f2d6,gpt-5.5,1380,0
2c127941-6e21-4787-bc5b-db7fe9c1f2d6,openevidence,4044,1
2ce16c46-3376-4ebe-bac2-b5a679746fb1,claude-opus-4-8,7515,0
2ce16c46-3376-4ebe-bac2-b5a679746fb1,gemini-3.1-pro,5441,0
2ce16c46-3376-4ebe-bac2-b5a679746fb1,gpt-5.5,3667,0
2ce16c46-3376-4ebe-bac2-b5a679746fb1,openevidence,5930,0
2cef781c-7e47-4355-ba0e-c22ccea92066,claude-opus-4-8,3709,0
2cef781c-7e47-4355-ba0e-c22ccea92066,gemini-3.1-pro,3065,0
2cef781c-7e47-4355-ba0e-c22ccea92066,gpt-5.5,1877,0
2cef781c-7e47-4355-ba0e-c22ccea92066,openevidence,4171,0
2e304e8c-8809-4df8-bf86-521a6a87dba1,claude-opus-4-8,3237,0
2e304e8c-8809-4df8-bf86-521a6a87dba1,gemini-3.1-pro,3455,0
2e304e8c-8809-4df8-bf86-521a6a87dba1,gpt-5.5,1795,0
2e304e8c-8809-4df8-bf86-521a6a87dba1,openevidence,2516,0
2fc2559e-8a56-48ea-9b36-83a9a20ddcb1,claude-opus-4-8,3804,0
2fc2559e-8a56-48ea-9b36-83a9a20ddcb1,gemini-3.1-pro,3951,0
2fc2559e-8a56-48ea-9b36-83a9a20ddcb1,gpt-5.5,2403,0
2fc2559e-8a56-48ea-9b36-83a9a20ddcb1,openevidence,2970,0
3364023e-cd0f-4975-a1f5-048f9eb2654f,claude-opus-4-8,5516,0
3364023e-cd0f-4975-a1f5-048f9eb2654f,gemini-3.1-pro,2594,0
3364023e-cd0f-4975-a1f5-048f9eb2654f,gpt-5.5,2323,0
3364023e-cd0f-4975-a1f5-048f9eb2654f,openevidence,3246,0
34d58159-a7be-4979-85be-99e135f9b4f9,claude-opus-4-8,2178,0
34d58159-a7be-4979-85be-99e135f9b4f9,gemini-3.1-pro,1594,0
34d58159-a7be-4979-85be-99e135f9b4f9,gpt-5.5,526,0
34d58159-a7be-4979-85be-99e135f9b4f9,openevidence,2206,0
36009db6-fa13-4300-8ec3-cfb1c3be5ecd,claude-opus-4-8,2606,0
36009db6-fa13-4300-8ec3-cfb1c3be5ecd,gemini-3.1-pro,3672,0
36009db6-fa13-4300-8ec3-cfb1c3be5ecd,gpt-5.5,2370,0
36009db6-fa13-4300-8ec3-cfb1c3be5ecd,openevidence,3338,0
36c7845a-ed31-49c3-8ec6-a338818db4d9,claude-opus-4-8,5230,0
36c7845a-ed31-49c3-8ec6-a338818db4d9,gemini-3.1-pro,4011,0
36c7845a-ed31-49c3-8ec6-a338818db4d9,gpt-5.5,2576,0
36c7845a-ed31-49c3-8ec6-a338818db4d9,openevidence,3696,0
39ebbd5a-2034-40fb-89ed-31ea0df9d132,claude-opus-4-8,3439,0
39ebbd5a-2034-40fb-89ed-31ea0df9d132,gemini-3.1-pro,2848,0
39ebbd5a-2034-40fb-89ed-31ea0df9d132,gpt-5.5,1444,0
39ebbd5a-2034-40fb-89ed-31ea0df9d132,openevidence,3509,1
3ca513b6-dede-4c0a-be2b-8d190ea4a639,claude-opus-4-8,2993,0
3ca513b6-dede-4c0a-be2b-8d190ea4a639,gemini-3.1-pro,3502,0
3ca513b6-dede-4c0a-be2b-8d190ea4a639,gpt-5.5,2737,0
3ca513b6-dede-4c0a-be2b-8d190ea4a639,openevidence,2790,1
3f9081c4-cb6c-4ee7-a3f1-002cc1277450,claude-opus-4-8,4080,0
3f9081c4-cb6c-4ee7-a3f1-002cc1277450,gemini-3.1-pro,3178,0
3f9081c4-cb6c-4ee7-a3f1-002cc1277450,gpt-5.5,2002,0
3f9081c4-cb6c-4ee7-a3f1-002cc1277450,openevidence,3302,0
41b1cbcd-4a7e-4d54-bb06-7b6cb6a7ec65,claude-opus-4-8,3858,0
41b1cbcd-4a7e-4d54-bb06-7b6cb6a7ec65,gemini-3.1-pro,3952,0
41b1cbcd-4a7e-4d54-bb06-7b6cb6a7ec65,gpt-5.5,3195,0
41b1cbcd-4a7e-4d54-bb06-7b6cb6a7ec65,openevidence,4766,1
4458569d-0a11-4196-9350-dc1de4e27565,claude-opus-4-8,2528,0
4458569d-0a11-4196-9350-dc1de4e27565,gemini-3.1-pro,3915,0
4458569d-0a11-4196-9350-dc1de4e27565,gpt-5.5,2468,0
4458569d-0a11-4196-9350-dc1de4e27565,openevidence,3594,0
4538103f-6bda-4be4-8e38-ee72351a88d4,claude-opus-4-8,6753,0
4538103f-6bda-4be4-8e38-ee72351a88d4,gemini-3.1-pro,4090,0
4538103f-6bda-4be4-8e38-ee72351a88d4,gpt-5.5,2803,0
4538103f-6bda-4be4-8e38-ee72351a88d4,openevidence,3579,0
45b205af-f8ef-4b71-97a6-683ffc049b39,claude-opus-4-8,5395,0
45b205af-f8ef-4b71-97a6-683ffc049b39,gemini-3.1-pro,4035,0
45b205af-f8ef-4b71-97a6-683ffc049b39,gpt-5.5,3774,0
45b205af-f8ef-4b71-97a6-683ffc049b39,openevidence,4125,0
4ab96e9f-3c17-4712-86b7-59ad06a81f8d,claude-opus-4-8,3100,0
4ab96e9f-3c17-4712-86b7-59ad06a81f8d,gemini-3.1-pro,3062,0
4ab96e9f-3c17-4712-86b7-59ad06a81f8d,gpt-5.5,1621,0
4ab96e9f-3c17-4712-86b7-59ad06a81f8d,openevidence,2356,0
4b7cfc7e-dbff-4534-8dcf-83690d89498c,claude-opus-4-8,2715,0
4b7cfc7e-dbff-4534-8dcf-83690d89498c,gemini-3.1-pro,4165,0
4b7cfc7e-dbff-4534-8dcf-83690d89498c,gpt-5.5,2004,0
4b7cfc7e-dbff-4534-8dcf-83690d89498c,openevidence,2868,1
4d220b84-8c52-455a-a3da-87f5ef5ba104,claude-opus-4-8,1827,0
4d220b84-8c52-455a-a3da-87f5ef5ba104,gemini-3.1-pro,2291,0
4d220b84-8c52-455a-a3da-87f5ef5ba104,gpt-5.5,786,0
4d220b84-8c52-455a-a3da-87f5ef5ba104,openevidence,2906,0
4d4532af-4457-4572-8f5b-ba755275aa8e,claude-opus-4-8,4356,0
4d4532af-4457-4572-8f5b-ba755275aa8e,gemini-3.1-pro,1894,0
4d4532af-4457-4572-8f5b-ba755275aa8e,gpt-5.5,1329,0
4d4532af-4457-4572-8f5b-ba755275aa8e,openevidence,3481,0
4fb7b9fe-7fdf-4828-9dea-97718c7bfbed,claude-opus-4-8,2316,0
4fb7b9fe-7fdf-4828-9dea-97718c7bfbed,gemini-3.1-pro,2725,0
4fb7b9fe-7fdf-4828-9dea-97718c7bfbed,gpt-5.5,1313,0
4fb7b9fe-7fdf-4828-9dea-97718c7bfbed,openevidence,2725,0
50bb83bb-57bc-4e7f-8b01-20d493290b2d,claude-opus-4-8,2380,0
50bb83bb-57bc-4e7f-8b01-20d493290b2d,gemini-3.1-pro,2976,0
50bb83bb-57bc-4e7f-8b01-20d493290b2d,gpt-5.5,1279,0
50bb83bb-57bc-4e7f-8b01-20d493290b2d,openevidence,3831,1
51c3dd76-6a6e-4e7c-ad9f-011f65a78957,claude-opus-4-8,6124,0
51c3dd76-6a6e-4e7c-ad9f-011f65a78957,gemini-3.1-pro,4792,0
51c3dd76-6a6e-4e7c-ad9f-011f65a78957,gpt-5.5,4228,0
51c3dd76-6a6e-4e7c-ad9f-011f65a78957,openevidence,2791,0
5560f33e-e26d-46f8-8538-7d90c66f8a69,claude-opus-4-8,2454,0
5560f33e-e26d-46f8-8538-7d90c66f8a69,gemini-3.1-pro,3472,0
5560f33e-e26d-46f8-8538-7d90c66f8a69,gpt-5.5,810,0
5560f33e-e26d-46f8-8538-7d90c66f8a69,openevidence,3819,1
5676841c-e084-45dd-a0f0-9bc018bf97ad,claude-opus-4-8,2895,0
5676841c-e084-45dd-a0f0-9bc018bf97ad,gemini-3.1-pro,2358,0
5676841c-e084-45dd-a0f0-9bc018bf97ad,gpt-5.5,1477,0
5676841c-e084-45dd-a0f0-9bc018bf97ad,openevidence,3530,0
58a110a9-44d5-49c0-b073-522df3ec04d0,claude-opus-4-8,3784,0
58a110a9-44d5-49c0-b073-522df3ec04d0,gemini-3.1-pro,6227,0
58a110a9-44d5-49c0-b073-522df3ec04d0,gpt-5.5,1802,0
58a110a9-44d5-49c0-b073-522df3ec04d0,openevidence,4022,0
5aac9b27-26a0-43c1-a79f-d3dd9326f96f,claude-opus-4-8,4695,0
5aac9b27-26a0-43c1-a79f-d3dd9326f96f,gemini-3.1-pro,6260,0
5aac9b27-26a0-43c1-a79f-d3dd9326f96f,gpt-5.5,3688,0
5aac9b27-26a0-43c1-a79f-d3dd9326f96f,openevidence,3884,0
642e9992-c245-4da6-831f-94793153a81c,claude-opus-4-8,3335,0
642e9992-c245-4da6-831f-94793153a81c,gemini-3.1-pro,5043,0
642e9992-c245-4da6-831f-94793153a81c,gpt-5.5,4186,0
642e9992-c245-4da6-831f-94793153a81c,openevidence,4167,1
647eb9c0-27d0-49dd-abad-4a36b045b19d,claude-opus-4-8,2397,0
647eb9c0-27d0-49dd-abad-4a36b045b19d,gemini-3.1-pro,2889,0
647eb9c0-27d0-49dd-abad-4a36b045b19d,gpt-5.5,2043,0
647eb9c0-27d0-49dd-abad-4a36b045b19d,openevidence,3299,0
68edcc22-362b-46bd-bdb0-fd6078567592,claude-opus-4-8,2872,1
68edcc22-362b-46bd-bdb0-fd6078567592,gemini-3.1-pro,2544,0
68edcc22-362b-46bd-bdb0-fd6078567592,gpt-5.5,1210,1
68edcc22-362b-46bd-bdb0-fd6078567592,openevidence,2554,1
6950b9bc-3133-4226-b72b-3baf4945b409,claude-opus-4-8,5653,0
6950b9bc-3133-4226-b72b-3baf4945b409,gemini-3.1-pro,4650,0
6950b9bc-3133-4226-b72b-3baf4945b409,gpt-5.5,2976,0
6950b9bc-3133-4226-b72b-3baf4945b409,openevidence,4213,0
6ce73442-794e-4a4b-832f-84ee05470941,claude-opus-4-8,2803,0
6ce73442-794e-4a4b-832f-84ee05470941,gemini-3.1-pro,2800,0
6ce73442-794e-4a4b-832f-84ee05470941,gpt-5.5,1239,0
6ce73442-794e-4a4b-832f-84ee05470941,openevidence,1734,0
6ead6fa5-2418-4170-bf16-55fce29c38f0,claude-opus-4-8,5840,0
6ead6fa5-2418-4170-bf16-55fce29c38f0,gemini-3.1-pro,3545,0
6ead6fa5-2418-4170-bf16-55fce29c38f0,gpt-5.5,4070,0
6ead6fa5-2418-4170-bf16-55fce29c38f0,openevidence,4857,0
730bc013-2f40-4090-9b88-257bed19b5fa,claude-opus-4-8,3642,0
730bc013-2f40-4090-9b88-257bed19b5fa,gemini-3.1-pro,3424,0
730bc013-2f40-4090-9b88-257bed19b5fa,gpt-5.5,2052,0
730bc013-2f40-4090-9b88-257bed19b5fa,openevidence,4362,1
76ec2dc6-7747-4627-a15a-b7ac82970520,claude-opus-4-8,5711,0
76ec2dc6-7747-4627-a15a-b7ac82970520,gemini-3.1-pro,4845,0
76ec2dc6-7747-4627-a15a-b7ac82970520,gpt-5.5,4130,0
76ec2dc6-7747-4627-a15a-b7ac82970520,openevidence,3085,0
786b5335-a700-413a-bb8d-da6bc778f04f,claude-opus-4-8,5799,0
786b5335-a700-413a-bb8d-da6bc778f04f,gemini-3.1-pro,4875,0
786b5335-a700-413a-bb8d-da6bc778f04f,gpt-5.5,5887,0
786b5335-a700-413a-bb8d-da6bc778f04f,openevidence,5370,0
78811f60-4f3d-46a5-883d-37e0d8de0350,claude-opus-4-8,2829,0
78811f60-4f3d-46a5-883d-37e0d8de0350,gemini-3.1-pro,2322,0
78811f60-4f3d-46a5-883d-37e0d8de0350,gpt-5.5,1985,0
78811f60-4f3d-46a5-883d-37e0d8de0350,openevidence,2426,0
79cfe10c-b7bf-4ca3-b165-fa4e3642795c,claude-opus-4-8,6124,0
79cfe10c-b7bf-4ca3-b165-fa4e3642795c,gemini-3.1-pro,5514,0
79cfe10c-b7bf-4ca3-b165-fa4e3642795c,gpt-5.5,4656,0
79cfe10c-b7bf-4ca3-b165-fa4e3642795c,openevidence,4555,0
7cf6f25a-5121-44fb-8700-e7f258e8af98,claude-opus-4-8,4624,0
7cf6f25a-5121-44fb-8700-e7f258e8af98,gemini-3.1-pro,5470,0
7cf6f25a-5121-44fb-8700-e7f258e8af98,gpt-5.5,4240,0
7cf6f25a-5121-44fb-8700-e7f258e8af98,openevidence,4072,0
7d8d0deb-b36d-4799-8981-d52b14046880,claude-opus-4-8,2815,0
7d8d0deb-b36d-4799-8981-d52b14046880,gemini-3.1-pro,2145,0
7d8d0deb-b36d-4799-8981-d52b14046880,gpt-5.5,1365,0
7d8d0deb-b36d-4799-8981-d52b14046880,openevidence,2217,0
8081744d-7dab-4ce1-b7ae-6988e7556e50,claude-opus-4-8,4400,0
8081744d-7dab-4ce1-b7ae-6988e7556e50,gemini-3.1-pro,3062,0
8081744d-7dab-4ce1-b7ae-6988e7556e50,gpt-5.5,3016,0
8081744d-7dab-4ce1-b7ae-6988e7556e50,openevidence,3645,0
818e368b-9595-42e9-bf1c-6a41a74d3f47,claude-opus-4-8,2443,0
818e368b-9595-42e9-bf1c-6a41a74d3f47,gemini-3.1-pro,2943,0
818e368b-9595-42e9-bf1c-6a41a74d3f47,gpt-5.5,1553,0
818e368b-9595-42e9-bf1c-6a41a74d3f47,openevidence,2147,1
8191019b-fa39-4b92-a868-febb885b9c7a,claude-opus-4-8,4065,0
8191019b-fa39-4b92-a868-febb885b9c7a,gemini-3.1-pro,4459,0
8191019b-fa39-4b92-a868-febb885b9c7a,gpt-5.5,2646,0
8191019b-fa39-4b92-a868-febb885b9c7a,openevidence,3604,1
8849edd2-b921-49e7-ad1f-b5224165f0a6,claude-opus-4-8,3788,0
8849edd2-b921-49e7-ad1f-b5224165f0a6,gemini-3.1-pro,5272,0
8849edd2-b921-49e7-ad1f-b5224165f0a6,gpt-5.5,4069,0
8849edd2-b921-49e7-ad1f-b5224165f0a6,openevidence,3467,0
890aa5dc-8c0b-49d0-8b71-235b7952c466,claude-opus-4-8,3861,0
890aa5dc-8c0b-49d0-8b71-235b7952c466,gemini-3.1-pro,3532,0
890aa5dc-8c0b-49d0-8b71-235b7952c466,gpt-5.5,2063,0
890aa5dc-8c0b-49d0-8b71-235b7952c466,openevidence,2518,0
8b83a841-253a-4d25-98ee-109ae07f5141,claude-opus-4-8,8907,0
8b83a841-253a-4d25-98ee-109ae07f5141,gemini-3.1-pro,5716,0
8b83a841-253a-4d25-98ee-109ae07f5141,gpt-5.5,5761,0
8b83a841-253a-4d25-98ee-109ae07f5141,openevidence,5387,0
8cd4efb6-44cb-4c5b-96df-a9b26422daa9,claude-opus-4-8,2968,0
8cd4efb6-44cb-4c5b-96df-a9b26422daa9,gemini-3.1-pro,2880,0
8cd4efb6-44cb-4c5b-96df-a9b26422daa9,gpt-5.5,1720,0
8cd4efb6-44cb-4c5b-96df-a9b26422daa9,openevidence,2760,0
8d64bde2-0d15-41e1-b4fc-bdd7cd2a2c9e,claude-opus-4-8,5110,0
8d64bde2-0d15-41e1-b4fc-bdd7cd2a2c9e,gemini-3.1-pro,5571,0
8d64bde2-0d15-41e1-b4fc-bdd7cd2a2c9e,gpt-5.5,9048,0
8d64bde2-0d15-41e1-b4fc-bdd7cd2a2c9e,openevidence,6763,0
8e7913d6-d335-4e68-a5c5-37fe0d15dde8,claude-opus-4-8,3312,0
8e7913d6-d335-4e68-a5c5-37fe0d15dde8,gemini-3.1-pro,3899,0
8e7913d6-d335-4e68-a5c5-37fe0d15dde8,gpt-5.5,2905,0
8e7913d6-d335-4e68-a5c5-37fe0d15dde8,openevidence,3102,0
900ea1a4-a512-47a7-a06b-1906b0b25798,claude-opus-4-8,2837,0
900ea1a4-a512-47a7-a06b-1906b0b25798,gemini-3.1-pro,4544,0
900ea1a4-a512-47a7-a06b-1906b0b25798,gpt-5.5,2811,0
900ea1a4-a512-47a7-a06b-1906b0b25798,openevidence,3142,0
9156bbf1-ee52-4a99-9da5-de700f883b5c,claude-opus-4-8,1656,0
9156bbf1-ee52-4a99-9da5-de700f883b5c,gemini-3.1-pro,2202,0
9156bbf1-ee52-4a99-9da5-de700f883b5c,gpt-5.5,865,0
9156bbf1-ee52-4a99-9da5-de700f883b5c,openevidence,2456,0
953c79e2-48c9-47cc-a6a6-8eb6236c46d5,claude-opus-4-8,4810,0
953c79e2-48c9-47cc-a6a6-8eb6236c46d5,gemini-3.1-pro,3981,0
953c79e2-48c9-47cc-a6a6-8eb6236c46d5,gpt-5.5,2472,0
953c79e2-48c9-47cc-a6a6-8eb6236c46d5,openevidence,4868,1
96d3c58d-c095-4a6b-bdfd-8427e6441bbc,claude-opus-4-8,1219,0
96d3c58d-c095-4a6b-bdfd-8427e6441bbc,gemini-3.1-pro,2187,0
96d3c58d-c095-4a6b-bdfd-8427e6441bbc,gpt-5.5,867,0
96d3c58d-c095-4a6b-bdfd-8427e6441bbc,openevidence,6250,1
96d8a8cc-2e16-44df-a30a-24d358dc5af3,claude-opus-4-8,3261,0
96d8a8cc-2e16-44df-a30a-24d358dc5af3,gemini-3.1-pro,2568,0
96d8a8cc-2e16-44df-a30a-24d358dc5af3,gpt-5.5,1839,0
96d8a8cc-2e16-44df-a30a-24d358dc5af3,openevidence,3385,1
985c8362-cfee-4ecb-bbb7-76e1181e2052,claude-opus-4-8,6531,0
985c8362-cfee-4ecb-bbb7-76e1181e2052,gemini-3.1-pro,4137,0
985c8362-cfee-4ecb-bbb7-76e1181e2052,gpt-5.5,4897,0
985c8362-cfee-4ecb-bbb7-76e1181e2052,openevidence,3885,0
9b1a4758-2998-48d4-8622-cd8eee6b8424,claude-opus-4-8,1736,0
9b1a4758-2998-48d4-8622-cd8eee6b8424,gemini-3.1-pro,3172,0
9b1a4758-2998-48d4-8622-cd8eee6b8424,gpt-5.5,1446,0
9b1a4758-2998-48d4-8622-cd8eee6b8424,openevidence,3634,0
a1b4263c-ce32-4dd9-b527-546fae55dad5,claude-opus-4-8,2621,0
a1b4263c-ce32-4dd9-b527-546fae55dad5,gemini-3.1-pro,4098,0
a1b4263c-ce32-4dd9-b527-546fae55dad5,gpt-5.5,3049,0
a1b4263c-ce32-4dd9-b527-546fae55dad5,openevidence,4337,1
a307ecd3-8b12-458f-9a46-d92d6d6dd77e,claude-opus-4-8,2895,0
a307ecd3-8b12-458f-9a46-d92d6d6dd77e,gemini-3.1-pro,2107,0
a307ecd3-8b12-458f-9a46-d92d6d6dd77e,gpt-5.5,798,0
a307ecd3-8b12-458f-9a46-d92d6d6dd77e,openevidence,2525,0
a686b2b7-449b-4051-903f-95f354b8ee75,claude-opus-4-8,6758,0
a686b2b7-449b-4051-903f-95f354b8ee75,gemini-3.1-pro,3527,0
a686b2b7-449b-4051-903f-95f354b8ee75,gpt-5.5,2812,0
a686b2b7-449b-4051-903f-95f354b8ee75,openevidence,4040,1
a8af8cf1-9aa3-4d34-b394-81c56de4f34f,claude-opus-4-8,2971,0
a8af8cf1-9aa3-4d34-b394-81c56de4f34f,gemini-3.1-pro,1941,0
a8af8cf1-9aa3-4d34-b394-81c56de4f34f,gpt-5.5,1721,0
a8af8cf1-9aa3-4d34-b394-81c56de4f34f,openevidence,2187,0
abffccdc-6b6e-47c5-91ce-f6ea80cc3097,claude-opus-4-8,2686,0
abffccdc-6b6e-47c5-91ce-f6ea80cc3097,gemini-3.1-pro,3041,0
abffccdc-6b6e-47c5-91ce-f6ea80cc3097,gpt-5.5,1713,0
abffccdc-6b6e-47c5-91ce-f6ea80cc3097,openevidence,2622,0
ac51f7e3-f29a-4058-8065-e8e0e555d655,claude-opus-4-8,2546,0
ac51f7e3-f29a-4058-8065-e8e0e555d655,gemini-3.1-pro,4137,0
ac51f7e3-f29a-4058-8065-e8e0e555d655,gpt-5.5,3124,0
ac51f7e3-f29a-4058-8065-e8e0e555d655,openevidence,3526,0
ae46bee7-30c2-4bed-bbe5-007f54101465,claude-opus-4-8,3167,0
ae46bee7-30c2-4bed-bbe5-007f54101465,gemini-3.1-pro,3131,0
ae46bee7-30c2-4bed-bbe5-007f54101465,gpt-5.5,1554,0
ae46bee7-30c2-4bed-bbe5-007f54101465,openevidence,3595,1
b1099d8e-8795-40a7-ac53-cfea4cba2eb7,claude-opus-4-8,2445,0
b1099d8e-8795-40a7-ac53-cfea4cba2eb7,gemini-3.1-pro,2960,0
b1099d8e-8795-40a7-ac53-cfea4cba2eb7,gpt-5.5,922,0
b1099d8e-8795-40a7-ac53-cfea4cba2eb7,openevidence,2180,1
b1feb93d-6c48-42fd-8108-f5d077787541,claude-opus-4-8,5370,0
b1feb93d-6c48-42fd-8108-f5d077787541,gemini-3.1-pro,2678,0
b1feb93d-6c48-42fd-8108-f5d077787541,gpt-5.5,2061,0
b1feb93d-6c48-42fd-8108-f5d077787541,openevidence,4059,0
b4196982-9a4c-4de8-b2d6-58157ec49854,claude-opus-4-8,4205,0
b4196982-9a4c-4de8-b2d6-58157ec49854,gemini-3.1-pro,2497,0
b4196982-9a4c-4de8-b2d6-58157ec49854,gpt-5.5,2858,0
b4196982-9a4c-4de8-b2d6-58157ec49854,openevidence,4590,0
b42a274a-6131-4ade-aecb-63307cb24ad7,claude-opus-4-8,4794,0
b42a274a-6131-4ade-aecb-63307cb24ad7,gemini-3.1-pro,4371,0
b42a274a-6131-4ade-aecb-63307cb24ad7,gpt-5.5,2552,0
b42a274a-6131-4ade-aecb-63307cb24ad7,openevidence,4085,0
b58d359e-6bda-41de-aa65-b912804491ad,claude-opus-4-8,3021,0
b58d359e-6bda-41de-aa65-b912804491ad,gemini-3.1-pro,3870,0
b58d359e-6bda-41de-aa65-b912804491ad,gpt-5.5,1783,0
b58d359e-6bda-41de-aa65-b912804491ad,openevidence,4958,0
b8490878-7890-4935-b29d-7bb0e83703b7,claude-opus-4-8,6000,0
b8490878-7890-4935-b29d-7bb0e83703b7,gemini-3.1-pro,4422,0
b8490878-7890-4935-b29d-7bb0e83703b7,gpt-5.5,3978,0
b8490878-7890-4935-b29d-7bb0e83703b7,openevidence,6852,1
b8e77a45-ea26-4c57-b156-b33a28d93878,claude-opus-4-8,6750,0
b8e77a45-ea26-4c57-b156-b33a28d93878,gemini-3.1-pro,4102,0
b8e77a45-ea26-4c57-b156-b33a28d93878,gpt-5.5,3793,0
b8e77a45-ea26-4c57-b156-b33a28d93878,openevidence,4464,1
b9fe2253-4f5c-4891-99af-2020bd6a7220,claude-opus-4-8,3176,0
b9fe2253-4f5c-4891-99af-2020bd6a7220,gemini-3.1-pro,4630,0
b9fe2253-4f5c-4891-99af-2020bd6a7220,gpt-5.5,5245,0
b9fe2253-4f5c-4891-99af-2020bd6a7220,openevidence,6313,1
ba5ee80f-e041-45fc-ad96-062c55f1be58,claude-opus-4-8,3638,0
ba5ee80f-e041-45fc-ad96-062c55f1be58,gemini-3.1-pro,4122,0
ba5ee80f-e041-45fc-ad96-062c55f1be58,gpt-5.5,2576,0
ba5ee80f-e041-45fc-ad96-062c55f1be58,openevidence,4339,0
bd4bb448-0e7f-40a6-a90e-fc4134010942,claude-opus-4-8,2436,0
bd4bb448-0e7f-40a6-a90e-fc4134010942,gemini-3.1-pro,3603,0
bd4bb448-0e7f-40a6-a90e-fc4134010942,gpt-5.5,2122,0
bd4bb448-0e7f-40a6-a90e-fc4134010942,openevidence,2668,0
be663bf0-f714-4935-a3e1-3aa4db45450a,claude-opus-4-8,2761,0
be663bf0-f714-4935-a3e1-3aa4db45450a,gemini-3.1-pro,3573,0
be663bf0-f714-4935-a3e1-3aa4db45450a,gpt-5.5,2866,0
be663bf0-f714-4935-a3e1-3aa4db45450a,openevidence,3511,0
beac65ee-72dd-4271-b9a0-62f8eeb465ca,claude-opus-4-8,6731,0
beac65ee-72dd-4271-b9a0-62f8eeb465ca,gemini-3.1-pro,4083,0
beac65ee-72dd-4271-b9a0-62f8eeb465ca,gpt-5.5,3555,0
beac65ee-72dd-4271-b9a0-62f8eeb465ca,openevidence,4067,1
beef50e5-907f-4d64-80db-defd901eb932,claude-opus-4-8,2341,0
beef50e5-907f-4d64-80db-defd901eb932,gemini-3.1-pro,3386,0
beef50e5-907f-4d64-80db-defd901eb932,gpt-5.5,1666,0
beef50e5-907f-4d64-80db-defd901eb932,openevidence,3934,1
befebf10-8802-4670-9060-8364a13f56c0,claude-opus-4-8,2691,0
befebf10-8802-4670-9060-8364a13f56c0,gemini-3.1-pro,3564,0
befebf10-8802-4670-9060-8364a13f56c0,gpt-5.5,1914,0
befebf10-8802-4670-9060-8364a13f56c0,openevidence,4174,0
bf576e31-2363-4e72-a792-9c1470294288,claude-opus-4-8,4232,0
bf576e31-2363-4e72-a792-9c1470294288,gemini-3.1-pro,4735,0
bf576e31-2363-4e72-a792-9c1470294288,gpt-5.5,3961,0
bf576e31-2363-4e72-a792-9c1470294288,openevidence,3917,0
c0be7071-1914-44b6-8119-39756aa1b222,claude-opus-4-8,2471,0
c0be7071-1914-44b6-8119-39756aa1b222,gemini-3.1-pro,2947,0
c0be7071-1914-44b6-8119-39756aa1b222,gpt-5.5,1769,0
c0be7071-1914-44b6-8119-39756aa1b222,openevidence,6860,1
c1c5da1d-c36a-49da-b541-190aa546fbcf,claude-opus-4-8,7805,0
c1c5da1d-c36a-49da-b541-190aa546fbcf,gemini-3.1-pro,5459,0
c1c5da1d-c36a-49da-b541-190aa546fbcf,gpt-5.5,5860,0
c1c5da1d-c36a-49da-b541-190aa546fbcf,openevidence,4867,0
c451e0b6-9a95-4a63-bf0c-debab8d541fc,claude-opus-4-8,2540,0
c451e0b6-9a95-4a63-bf0c-debab8d541fc,gemini-3.1-pro,1902,0
c451e0b6-9a95-4a63-bf0c-debab8d541fc,gpt-5.5,867,0
c451e0b6-9a95-4a63-bf0c-debab8d541fc,openevidence,2266,0
c4df5941-fed0-4e4f-b8d6-3fd00b874c33,claude-opus-4-8,4233,0
c4df5941-fed0-4e4f-b8d6-3fd00b874c33,gemini-3.1-pro,3711,0
c4df5941-fed0-4e4f-b8d6-3fd00b874c33,gpt-5.5,1476,0
c4df5941-fed0-4e4f-b8d6-3fd00b874c33,openevidence,4940,1
c5e12e23-3b27-4150-a97b-ac43840d293f,claude-opus-4-8,6261,0
c5e12e23-3b27-4150-a97b-ac43840d293f,gemini-3.1-pro,3997,0
c5e12e23-3b27-4150-a97b-ac43840d293f,gpt-5.5,2591,0
c5e12e23-3b27-4150-a97b-ac43840d293f,openevidence,5210,1
c8685308-18e5-4e05-a623-bbb69432b018,claude-opus-4-8,2074,0
c8685308-18e5-4e05-a623-bbb69432b018,gemini-3.1-pro,2009,0
c8685308-18e5-4e05-a623-bbb69432b018,gpt-5.5,998,0
c8685308-18e5-4e05-a623-bbb69432b018,openevidence,2501,0
c86e6411-330d-4f51-84bf-6f9ff967b729,claude-opus-4-8,2498,0
c86e6411-330d-4f51-84bf-6f9ff967b729,gemini-3.1-pro,4005,0
c86e6411-330d-4f51-84bf-6f9ff967b729,gpt-5.5,1009,0
c86e6411-330d-4f51-84bf-6f9ff967b729,openevidence,3432,0
c9408057-7857-4467-b84c-886415cc707c,claude-opus-4-8,2868,0
c9408057-7857-4467-b84c-886415cc707c,gemini-3.1-pro,2890,0
c9408057-7857-4467-b84c-886415cc707c,gpt-5.5,1571,0
c9408057-7857-4467-b84c-886415cc707c,openevidence,3067,0
c9f8bf8c-7960-4553-920c-696d7b88da0f,claude-opus-4-8,5424,0
c9f8bf8c-7960-4553-920c-696d7b88da0f,gemini-3.1-pro,3974,0
c9f8bf8c-7960-4553-920c-696d7b88da0f,gpt-5.5,3178,0
c9f8bf8c-7960-4553-920c-696d7b88da0f,openevidence,3939,0
cb0eb568-aec2-4434-acfc-274faf3b9c68,claude-opus-4-8,5777,0
cb0eb568-aec2-4434-acfc-274faf3b9c68,gemini-3.1-pro,5262,0
cb0eb568-aec2-4434-acfc-274faf3b9c68,gpt-5.5,5057,0
cb0eb568-aec2-4434-acfc-274faf3b9c68,openevidence,5719,0
cb1ed4c8-db36-405f-bd08-d3997dbb4f49,claude-opus-4-8,3689,0
cb1ed4c8-db36-405f-bd08-d3997dbb4f49,gemini-3.1-pro,2393,0
cb1ed4c8-db36-405f-bd08-d3997dbb4f49,gpt-5.5,919,0
cb1ed4c8-db36-405f-bd08-d3997dbb4f49,openevidence,3601,1
cdfb211f-1283-4e0b-ac59-95e02134c8d5,claude-opus-4-8,3277,0
cdfb211f-1283-4e0b-ac59-95e02134c8d5,gemini-3.1-pro,2698,0
cdfb211f-1283-4e0b-ac59-95e02134c8d5,gpt-5.5,1746,0
cdfb211f-1283-4e0b-ac59-95e02134c8d5,openevidence,2665,0
d10dc8d4-b911-4085-8da6-0baaf85be9f8,claude-opus-4-8,5946,0
d10dc8d4-b911-4085-8da6-0baaf85be9f8,gemini-3.1-pro,3954,0
d10dc8d4-b911-4085-8da6-0baaf85be9f8,gpt-5.5,3656,0
d10dc8d4-b911-4085-8da6-0baaf85be9f8,openevidence,3343,0
d343c40f-953b-43f0-b6d6-122758eda331,claude-opus-4-8,3132,0
d343c40f-953b-43f0-b6d6-122758eda331,gemini-3.1-pro,2007,0
d343c40f-953b-43f0-b6d6-122758eda331,gpt-5.5,1634,0
d343c40f-953b-43f0-b6d6-122758eda331,openevidence,3385,0
d4e918f5-20be-4b6e-b84c-79f90ba8305c,claude-opus-4-8,3061,0
d4e918f5-20be-4b6e-b84c-79f90ba8305c,gemini-3.1-pro,3753,0
d4e918f5-20be-4b6e-b84c-79f90ba8305c,gpt-5.5,2614,0
d4e918f5-20be-4b6e-b84c-79f90ba8305c,openevidence,3541,0
d54b653a-cb82-446d-8b56-850d7c8f4716,claude-opus-4-8,2243,0
d54b653a-cb82-446d-8b56-850d7c8f4716,gemini-3.1-pro,1694,0
d54b653a-cb82-446d-8b56-850d7c8f4716,gpt-5.5,1683,0
d54b653a-cb82-446d-8b56-850d7c8f4716,openevidence,2407,0
d82bf66f-37d1-4442-b3b8-447148b4b44c,claude-opus-4-8,2462,0
d82bf66f-37d1-4442-b3b8-447148b4b44c,gemini-3.1-pro,2153,0
d82bf66f-37d1-4442-b3b8-447148b4b44c,gpt-5.5,1592,0
d82bf66f-37d1-4442-b3b8-447148b4b44c,openevidence,2692,0
d8db9dc5-effd-4776-9a8c-1a6a5c490ab5,claude-opus-4-8,6874,0
d8db9dc5-effd-4776-9a8c-1a6a5c490ab5,gemini-3.1-pro,4083,0
d8db9dc5-effd-4776-9a8c-1a6a5c490ab5,gpt-5.5,2502,0
d8db9dc5-effd-4776-9a8c-1a6a5c490ab5,openevidence,5907,0
da4aa6c3-a1ea-4f7a-bb24-826a7f469464,claude-opus-4-8,2878,0
da4aa6c3-a1ea-4f7a-bb24-826a7f469464,gemini-3.1-pro,3378,0
da4aa6c3-a1ea-4f7a-bb24-826a7f469464,gpt-5.5,1800,0
da4aa6c3-a1ea-4f7a-bb24-826a7f469464,openevidence,3625,0
dc3106bf-b213-40a4-bf94-53219b484539,claude-opus-4-8,2393,0
dc3106bf-b213-40a4-bf94-53219b484539,gemini-3.1-pro,4189,0
dc3106bf-b213-40a4-bf94-53219b484539,gpt-5.5,2141,0
dc3106bf-b213-40a4-bf94-53219b484539,openevidence,3619,0
de9a9028-d1ae-4d49-8d62-4d75566539f1,claude-opus-4-8,3395,0
de9a9028-d1ae-4d49-8d62-4d75566539f1,gemini-3.1-pro,4929,0
de9a9028-d1ae-4d49-8d62-4d75566539f1,gpt-5.5,4771,0
de9a9028-d1ae-4d49-8d62-4d75566539f1,openevidence,5358,0
df0a6bd4-a78d-4a85-96f0-d16006495e55,claude-opus-4-8,2816,0
df0a6bd4-a78d-4a85-96f0-d16006495e55,gemini-3.1-pro,4234,0
df0a6bd4-a78d-4a85-96f0-d16006495e55,gpt-5.5,2406,0
df0a6bd4-a78d-4a85-96f0-d16006495e55,openevidence,5227,1
e0b70de8-607c-4d45-8d26-1232593d2f02,claude-opus-4-8,4877,0
e0b70de8-607c-4d45-8d26-1232593d2f02,gemini-3.1-pro,3810,0
e0b70de8-607c-4d45-8d26-1232593d2f02,gpt-5.5,2239,0
e0b70de8-607c-4d45-8d26-1232593d2f02,openevidence,3721,0
e5e43dd9-5bb5-446d-bd7a-51c1d5b6ca73,claude-opus-4-8,2374,0
e5e43dd9-5bb5-446d-bd7a-51c1d5b6ca73,gemini-3.1-pro,3034,0
e5e43dd9-5bb5-446d-bd7a-51c1d5b6ca73,gpt-5.5,1208,0
e5e43dd9-5bb5-446d-bd7a-51c1d5b6ca73,openevidence,3897,1
eac7a738-fbad-4690-8d77-2c406d42e1e9,claude-opus-4-8,2839,0
eac7a738-fbad-4690-8d77-2c406d42e1e9,gemini-3.1-pro,2964,0
eac7a738-fbad-4690-8d77-2c406d42e1e9,gpt-5.5,2162,0
eac7a738-fbad-4690-8d77-2c406d42e1e9,openevidence,4744,1
eade6fe8-cff6-4435-9603-167196aa9bec,claude-opus-4-8,57,0
eade6fe8-cff6-4435-9603-167196aa9bec,gemini-3.1-pro,5636,0
eade6fe8-cff6-4435-9603-167196aa9bec,gpt-5.5,4379,0
eade6fe8-cff6-4435-9603-167196aa9bec,openevidence,4509,1
ebc1f639-9d78-4952-a0cb-f524aae0a8db,claude-opus-4-8,2329,0
ebc1f639-9d78-4952-a0cb-f524aae0a8db,gemini-3.1-pro,4124,0
ebc1f639-9d78-4952-a0cb-f524aae0a8db,gpt-5.5,3836,0
ebc1f639-9d78-4952-a0cb-f524aae0a8db,openevidence,3122,0
ed62079f-c3ea-4fd3-8715-c7b47a9bf695,claude-opus-4-8,10414,0
ed62079f-c3ea-4fd3-8715-c7b47a9bf695,gemini-3.1-pro,6754,0
ed62079f-c3ea-4fd3-8715-c7b47a9bf695,gpt-5.5,12882,0
ed62079f-c3ea-4fd3-8715-c7b47a9bf695,openevidence,5466,0
ef3b0a79-41d9-4bd8-9ec3-ddd5846549bb,claude-opus-4-8,2448,0
ef3b0a79-41d9-4bd8-9ec3-ddd5846549bb,gemini-3.1-pro,5087,0
ef3b0a79-41d9-4bd8-9ec3-ddd5846549bb,gpt-5.5,3137,0
ef3b0a79-41d9-4bd8-9ec3-ddd5846549bb,openevidence,3274,0
f6b9965e-a534-47d6-91d5-f4bf6f6b4e87,claude-opus-4-8,5714,0
f6b9965e-a534-47d6-91d5-f4bf6f6b4e87,gemini-3.1-pro,4650,0
f6b9965e-a534-47d6-91d5-f4bf6f6b4e87,gpt-5.5,3098,0
f6b9965e-a534-47d6-91d5-f4bf6f6b4e87,openevidence,3001,0
fd9d6e48-710a-45c4-a8bc-be35c89ef707,claude-opus-4-8,4293,0
fd9d6e48-710a-45c4-a8bc-be35c89ef707,gemini-3.1-pro,4033,0
fd9d6e48-710a-45c4-a8bc-be35c89ef707,gpt-5.5,2720,0
fd9d6e48-710a-45c4-a8bc-be35c89ef707,openevidence,3977,1
fe83b81a-c6ae-42bf-9409-856929a0fce9,claude-opus-4-8,2343,0
fe83b81a-c6ae-42bf-9409-856929a0fce9,gemini-3.1-pro,2585,0
fe83b81a-c6ae-42bf-9409-856929a0fce9,gpt-5.5,558,0
fe83b81a-c6ae-42bf-9409-856929a0fce9,openevidence,1863,0
ffd0328e-8f67-4ea7-9c97-2ec6aeef20c6,claude-opus-4-8,3221,0
ffd0328e-8f67-4ea7-9c97-2ec6aeef20c6,gemini-3.1-pro,4204,0
ffd0328e-8f67-4ea7-9c97-2ec6aeef20c6,gpt-5.5,5113,0
ffd0328e-8f67-4ea7-9c97-2ec6aeef20c6,openevidence,4796,1
